,FAKE_01,FAKE_02,FAKE_03,FAKE_04,FIRST_25000_ROWS
FAKE_01,0.0,-0.0005532285258253806,-0.0,-0.000706369001046757,-0.0
FAKE_02,0.0002316939242815746,-0.00034069085789711245,-0.00028474092068889325,-0.0005599080480616663,-0.00021617059301003014
FAKE_03,-0.0,-0.0,-0.0,0.0,-0.0
FAKE_04,-0.0,-0.0,-0.0,0.0,-0.0
FIRST_25000_ROWS,-0.0,-0.00015561130241624086,-0.0,-0.00017594708850491572,-0.0
